,delta_coat,Theta,k_coat,CAH,N_s,p_steam
S1,0.5103457369117654,0.11843546384650712,0.0598177249803786,0.002592353856596157,0.0006015783031153387,-0.0029965754029910503
S1_conf,0.25967552032984476,0.059126207134450375,0.03274325814527372,0.01712795618576033,0.002777103243304296,0.0032836378780794965
ST,0.7224638110600656,0.2809458068712757,0.12075290576483522,0.026106475493169044,0.0017834756009899627,0.006342735441120607
ST_conf,0.22270223184616347,0.15187438171101045,0.054574561044482134,0.012009956290993504,0.0009816912083308287,0.006572742236979688
